{
  "version": 1,
  "author": "Gautam Ahuja",
  "editor": "wokwi",
  "parts": [
    { "type": "wokwi-arduino-uno", "id": "uno", "top": -107.84, "left": -0.49, "attrs": {} },
    {
      "type": "wokwi-led-ring",
      "id": "ring1",
      "top": -267.58,
      "left": 53.76,
      "attrs": { "pixels": "16" }
    },
    {
      "type": "wokwi-analog-joystick",
      "id": "joystick1",
      "top": -194.06,
      "left": -165.24,
      "attrs": {}
    }
  ],
  "connections": [
    [ "ring1:GND", "uno:GND.1", "black", [ "v34.34", "h-11.71" ] ],
    [ "ring1:VCC", "uno:5V", "red", [ "v45.26", "h-159.11", "v282.41", "h184.18", "v-42.29" ] ],
    [ "ring1:DIN", "uno:11", "green", [ "v0" ] ],
    [ "uno:A0", "joystick1:VERT", "green", [ "v0" ] ],
    [ "uno:A1", "joystick1:HORZ", "green", [ "v0" ] ],
    [ "uno:5V", "joystick1:VCC", "red", [ "v0" ] ],
    [ "uno:GND.3", "joystick1:GND", "black", [ "v0" ] ],
    [ "uno:8", "joystick1:SEL", "green", [ "v0" ] ]
  ],
  "dependencies": {}
}